"","NAME","Latitude","Longitude","Opening Hours","Street","Description1","Description2","URL Path","Website","Image Link","Image Text","Image By","Last Modified","INC_CRC","FMEL_UPD_D","X_ADDR","Y_ADDR"
"1","Chinatown Heritage Centre","1.28351","103.84435","Daily, 9am – 8pm,Last entry at 7pm.*Chinatown Heritage Centre will be closed for renovation from 1 October 2014 till end-2015.","48 Pagoda Street","Experience how Singapore’s early Chinese migrants once lived and learn more about local Chinese culture at the Chinatown Heritage Centre.","At the Chinatown Heritage Centre, experience how Singapore’s early Chinese migrants once lived and learn more about local Chinese culture.","https://www.visitsingapore.com/see-do-singapore/culture-heritage/heritage-discovery/chinatown-heritage-centre","http://www.singaporechinatown.com.sg/","www.yoursingapore.com/content/dam/desktop/global/see-do-singapore/culture-heritage/chinatown-heritage-centre-carousel01-rect.jpg","Learn more about local Chinese culture at the Singapore Chinatown Heritage Centre.","Joel Chua DY","2015-11-02T10:16:52.847+08:00","255C03B58EE7B003","1/9/2017 2:59:32 PM","29227.7061","29549.5371"
"2","Thian Hock Keng Temple","1.28094","103.84763","Daily, 7.30am – 5.30pm","158 Telok Ayer Street","Beautifully restored, Thian Hock Keng Temple is the oldest Chinese temple in Singapore and dedicated to Mazu, the Goddess of the Sea.","Thian Hock Keng Temple is the oldest Chinese temple in Singapore and dedicated to Mazu, the Goddess of the Sea.","https://www.visitsingapore.com/see-do-singapore/culture-heritage/places-of-worship/thian-hock-keng-temple","http://www.thianhockkeng.com.sg","www.yoursingapore.com/content/dam/desktop/global/see-do-singapore/culture-heritage/thian-hock-kheng-temple-carousel01-rect.jpg","The Thian Hock Keng Temple in Singapore is dedicated to Mazu, the Goddess of the Sea.","Joel Chua DY","2015-11-02T10:20:57.245+08:00","D5D3E3930E0C117F","1/9/2017 2:59:32 PM","29592.7445","29265.3615"
"3","Eurasian Heritage Centre","1.31007","103.89942","Tuesday to Sunday, 9am – 6pm, Closed on Monday","139 Ceylon Road","This engaging heritage attraction takes you through the history and culture of the Eurasian community in Singapore.","This engaging heritage attraction takes you through the history and culture of the Eurasian community in Singapore.","https://www.visitsingapore.com/see-do-singapore/culture-heritage/heritage-discovery/eurasian-heritage-centre","http://www.eurasians.org.sg/","www.yoursingapore.com/content/dam/desktop/global/see-do-singapore/culture-heritage/eurasian-heritage-centre-carousel01-rect.jpg","Discover the history and culture of the Eurasian community in Singapore.","Joel Chua DY","2015-11-02T10:13:25.883+08:00","9CB05BD01BA1715C","1/9/2017 2:59:32 PM","35356.4676","32486.4992"
"4","Shophouses","1.277219","103.837336","","","With many beautifully preserved examples on hand today, the shophouses in Singapore are prime examples of timeless architectural appeal.","Few buildings epitomise our culture as fully as the shophouse, with its surprisingly harmonious mix of diverse design elements.","https://www.visitsingapore.com/see-do-singapore/architecture/historical/shophouses-typology","","www.yoursingapore.com/content/dam/desktop/global/see-do-singapore/architecture/shophouses-typology-carousel01-rect.jpg","The varying styles of Singapore's shophouses are a showcase of our evolving architecture.","","2015-11-02T10:15:26.429+08:00","720A9127274D4EF2","1/9/2017 2:59:32 PM","28447.0623","28853.8642"
"5","Pinnacle@Duxton","1.27549","103.84142","50th storey Skybridge, Daily, 9am –10pm","1 Cantonment Road","The soaring lines and stunning views of majestic residential estate Pinnacle at Duxton will make you forget your fear of heights. Almost.","With its lofty towers and dizzying sky gardens, the Pinnacle at Duxton takes residential living to soaring new heights.","https://www.visitsingapore.com/see-do-singapore/architecture/modern/pinnacle-at-duxton","http://www.pinnacleduxton.com.sg","www.yoursingapore.com/content/dam/desktop/global/see-do-singapore/architecture/the-pinnacle-duxton-carousel01-rect.jpg","The Pinnacle@Duxton's architecture is a refreshing change in a sea of concrete blocks.","Malcolm Tredinnick","2015-11-02T09:37:49.535+08:00","2C6A0BFEF4508DE7","1/9/2017 2:59:32 PM","28901.624","28662.7257"
"6","Hajjah Fatimah Mosque","1.30291","103.86285","Daily, 9am –9pm","4001 Beach Road","The Hajjah Fatimah Mosque will captivate you with its intriguing blend of cross-cultural architectural influences.","With its tilting European-style minaret and Chinese tiling, the Hajjah Fatimah Mosque is one of the most unique mosques in Singapore.","https://www.visitsingapore.com/see-do-singapore/architecture/historical/hajjah-fatimah-mosque","","/content/dam/desktop/global/see-do-singapore/architecture/hajjah-fatimah-mosque-carousel01-rect.jpg","The Hajjah Fatimah Mosque in Singapore features an intriguing blend of cross-cultural architectural influences.","","2015-11-02T09:55:25.479+08:00","7E566C807458EAF9","1/9/2017 2:59:32 PM","31286.5785","31694.7056"
"7","Haw Par Villa","1.28551","103.78314","Daily, 9am – 7pm","262 Pasir Panjang Road","Embark on an unforgettable journey into Chinese folklore and mythology at the Haw Par Villa theme park.","A visit to the Haw Par Villa theme park is an unforgettable journey into Chinese folklore and mythology.","https://www.visitsingapore.com/see-do-singapore/culture-heritage/heritage-discovery/haw-par-villa","","","","","2015-11-02T10:03:18.577+08:00","5D5A48757DF05F69","1/9/2017 2:59:32 PM","22415.5418","29770.739"
"8","NUS Baba House","1.27731","103.83731","Visits are by appointment only.Visitors must sign up in advance for heritage tours which fall on:Monday, 2pm – 3pm,Tuesday, 6.30pm – 7.30pm,Thursday, 10am – 11am,Saturday, 11am – 12pm","157 Neil Road","This heritage house lends rich insight into Singapore's Peranakan community, thanks to beautifully preserved architecture and artefacts.","NUS Baba House is a heritage house that gives a rich look at Singapore's Peranakan community, thanks to beautifully preserved architecture and artefacts.","https://www.visitsingapore.com/see-do-singapore/culture-heritage/heritage-discovery/nus-baba-house","http://www.nus.edu.sg/museum/baba","www.yoursingapore.com/content/dam/desktop/global/see-do-singapore/culture-heritage/baba-house-carousel02-rect.jpg","Beautifully preserved architecture and artefacts make the NUS Baba House a must-visit.","","2015-11-02T10:05:26.618+08:00","0DA5B95C21C26A5A","1/9/2017 2:59:32 PM","28444.2132","28863.9707"
"9","Hong San See Temple Singapore","1.29316","103.841222","Daily","31 Mohamed Sultan Road","Restored by expert craftsmen from China, the Hong San See temple has been brought back to its full glory.","Dancing dragons and prancing phoenixes are just some of the visual delights to catch at the exquisitely restored Hong San See temple.","https://www.visitsingapore.com/see-do-singapore/architecture/historical/hong-san-see","","","","","2015-11-02T10:04:31.503+08:00","B87236103D7369A5","1/9/2017 2:59:32 PM","28879.5822","30616.583"
"10","Capitol Building Singapore","1.29354","103.85157","","11 Stamford Road","The queen of Singapore cinemas will soon reclaim her crown as the premier entertainment hub when Capitol Building reopens next year.","Now undergoing massive restoration works, Capitol Building will emerge as Singapore’s premier entertainment hub next year.","https://www.visitsingapore.com/see-do-singapore/architecture/historical/capitol-building-singapore","http://www.capitolsingapore.com","www.yoursingapore.com/content/dam/desktop/global/see-do-singapore/architecture/capitol-building-carousel01-rect-norender.jpg","The Capitol Building's distinctive facade adds a touch of grandeur to the cityscape.","","2015-11-02T10:06:38.723+08:00","C7F2EE424864FB14","1/9/2017 2:59:32 PM","30031.2246","30658.6073"
"11","Esplanade Theatre","1.28986","103.85528","","1 Esplanade Drive","This boldly designed performing arts centre has become a memorable part of Singapore’s skyline.","The Esplanade is boldly designed performing arts centre that has become a memorable part of Singapore’s skyline.","https://www.visitsingapore.com/see-do-singapore/architecture/modern/esplanade-theatres-on-the-bay","http://www.esplanade.com","www.yoursingapore.com/content/dam/desktop/global/see-do-singapore/architecture/the-esplanade-theatres-on-the-bay-carousel01-rect.jpg","Catch a world-class opera or pop concert at Singapore’s premier performing arts centre.","","2015-11-02T09:14:44.054+08:00","CBF71A2C5371C288","1/9/2017 2:59:32 PM","30444.1189","30251.6951"
"12","Gardens by the Bay","1.281568","103.863613","Outdoor Gardens: 5am – 2am,Conservatories: 9am – 9pm,OCBC Skyway: 9am – 9pm","18 Marina Gardens Drive","The lush and beautiful Gardens by the Bay is dominated by the sleekly sculptured biodomes – marvels of architecture, design and engineering.","Biodomes, baobabs and the blossoming bounty of every conceivable plant will bowl you over at Gardens by the Bay.","https://www.visitsingapore.com/see-do-singapore/architecture/modern/gardens-by-the-bay","http://www.gardensbythebay.com.sg","www.yoursingapore.com/content/dam/desktop/global/see-do-singapore/architecture/gardens-by-the-bay-carousel01-rect.jpg","Gardens by the Bay seamlessly blends sleek design, cutting-edge technology and fun.","","2015-11-02T09:42:14.206+08:00","FA494CA6D6146237","1/9/2017 2:59:32 PM","31371.5217","29334.818"
"13","The Interlace","1.28199","103.80305","","180-226 Depot Road","There’s more than meets the eye in The Interlace’s artful arrangement of residential blocks.","Few buildings demonstrate out-of-the-box thinking as well as The Interlace, an intriguingly designed residential complex.","https://www.visitsingapore.com/see-do-singapore/architecture/modern/the-interlace","http://www.theinterlace.com","","","","2015-11-02T09:19:31.553+08:00","D95F49E8D6A32926","1/9/2017 2:59:32 PM","24631.3547","29381.4805"
"14","PARKROYAL on Pickering","1.285563","103.846522","","3 Upper Pickering Street","PARKROYAL on Pickering is a luxurious garden oasis in downtown Singapore.","PARKROYAL on Pickering is a luxurious garden oasis in downtown Singapore.","https://www.visitsingapore.com/see-do-singapore/architecture/modern/parkroyal-on-pickering","http://www.parkroyalhotels.com/en/hotels-resorts/singapore/pickering.html","www.yoursingapore.com/content/dam/desktop/global/see-do-singapore/architecture/parkroyal-pickering-carousel01-rect.jpg","Pamper yourself and save the world at the same time at PARKROYAL on Pickering.","","2015-11-02T09:34:05.378+08:00","86BB3E462786BDFE","1/9/2017 2:59:32 PM","29469.4305","29776.5482"
"15","Lasalle College of the Arts","1.3029","103.8516","Administration Office, Monday to Friday, 9am to 6pm. Visitors can still walk around the campus after office opening hours","1 McNally Street","How can something that fits so perfectly into a cityscape evoke nature as well? It all lies in the design of Lasalle College of the Arts.","Lasalle College of the Arts evokes awe with its bold, graphic lines and stunning reinterpretation of nature.","https://www.visitsingapore.com/see-do-singapore/architecture/modern/lasalle-college-of-the-arts","https://www.lasalle.edu.sg","www.yoursingapore.com/content/dam/desktop/global/see-do-singapore/architecture/503-lasalle-college-of-the-arts-carousel01-rect..jpg","Lasalle College of the Arts pushes the boundaries of creativity in architecture","Lasalle College of the Arts","2015-11-02T09:49:08.755+08:00","C3B4EB77BCC4F51D","1/9/2017 2:59:32 PM","30034.5559","31693.5879"
"16","Old Supreme Court Singapore","1.2897","103.85128","Expected to open in 2015","1 St Andrew's Road","From dispensing justice to displaying art, the Old Supreme Court undergoes an overhaul for its new role as the National Gallery Singapore.","Due to reopen as the National Gallery Singapore, the Old Supreme Court is in itself a masterpiece of classical art.","https://www.visitsingapore.com/see-do-singapore/architecture/historical/old-supreme-court","http://app.supremecourt.gov.sg/","www.yoursingapore.com/content/dam/desktop/global/see-do-singapore/architecture/old-supreme-court-carousel01-rect.jpg","The Old Supreme Court lends a stately presence to the heart of Singapore city.","","2015-11-02T09:51:34.087+08:00","18E4CDB43DDACBCD","1/9/2017 2:59:32 PM","29998.953","30233.9997"
"17","SIT Flats Singapore","1.28351","103.8336","","Seng Poh Road and Tiong Bahru Road","Take a walk back in time through the Art Deco architecture in the heritage neighbourhood of Tiong Bahru.","The Art Deco elegance of the flats in Tiong Bahru speak of the richness of a vanished world.","https://www.visitsingapore.com/see-do-singapore/architecture/historical/sit-flats","","www.yoursingapore.com/content/dam/desktop/global/see-do-singapore/architecture/sit-flat-carousel01-rect.jpg","The charm of Tiong Bahru comes to life through its Art Deco architecture.","","2015-11-02T10:09:11.340+08:00","DA27CAA0D434D73E","1/9/2017 2:59:32 PM","28031.3197","29549.5343"
"18","Lau Pa Sat Singapore","1.28072","103.85044","Daily, 24 hours","18 Raffles Quay","The grande dame of markets in Singapore, Lau Pa Sat blends history, striking architecture and scrumptious local food into one heady experience.","The historic market Lau Pa Sat offers a winning combination of graceful colonial architecture, a longstanding heritage and delicious food.","https://www.visitsingapore.com/see-do-singapore/architecture/historical/lau-pa-sat","http://www.laupasat.biz","www.yoursingapore.com/content/dam/desktop/global/see-do-singapore/architecture/lau-pa-sat-carousel01-rect.jpg","Lau Pa Sat blends graceful colonial architecture, heritage and delicious food.","","2015-11-02T09:59:12.640+08:00","A9FB88B3B9A04B47","1/9/2017 2:59:32 PM","29905.4748","29241.037"
"19","Malay Heritage Centre","1.30309","103.85986","Malay Heritage Centre Museum, Tuesday to Sunday, 10am – 6pm, Closed on Monday, Malay Heritage Centre Compound, Tuesday to Sunday, 8am – 8pm, Friday and Saturday, 8am – 10pm, Closed on Monday","85 Sultan Gate","The Malay Heritage Centre is a must-visit if you’re keen on learning about the rich heritage and culture of Singapore’s Malay community.","The Malay Heritage Centre is a must-visit if you’re keen on learning about the rich heritage and culture of Singapore’s Malay community.","https://www.visitsingapore.com/see-do-singapore/culture-heritage/heritage-discovery/malay-heritage-centre","http://www.malayheritage.org.sg","www.yoursingapore.com/content/dam/desktop/global/see-do-singapore/culture-heritage/malay-heritage-centre-carousel01-rect.jpg","Delve into the rich heritage and culture of Singapore’s Malay community.","","2015-11-02T10:08:04.332+08:00","40BEA3C445A32C7D","1/9/2017 2:59:32 PM","30953.8185","31714.6052"
"20","Peranakan Museum Singapore","1.29421","103.8492","Saturday to Thursday, 10am – 7pm, Friday, 10am – 9pm","39 Armenian Street","Get to know Singapore’s vibrant Peranakan community and history at this top-notch museum, filled with fine artefacts and fun exhibits.","At the Peranakan Museum, get to know Singapore’s vibrant Peranakan community and its eclectic culture and history with fun and interactive exhibits.","https://www.visitsingapore.com/see-do-singapore/culture-heritage/heritage-discovery/peranakan-museum","http://peranakanmuseum.org.sg/","www.yoursingapore.com/content/dam/desktop/global/see-do-singapore/culture-heritage/peranakan-museum-carousel01-rect.jpg","Many communities, one nation. Find out more about our people, such as the ubiquitous Peranakans.","","2015-11-02T10:11:13.152+08:00","01811F6A8AC24C77","1/9/2017 2:59:32 PM","29767.4637","30732.6907"
"21","Raffles Singapore","1.29579","103.85404","Daily, 24 hours","1 Beach Road","Hark back to a golden age of elegant refinement and gracious living at Raffles Singapore, where the past reawakens to glorious life.","Sip a Singapore Sling beneath the whirling fans at the Long Bar, and let the tranquil charms of Raffles Singapore bring you back into another era.","https://www.visitsingapore.com/see-do-singapore/architecture/historical/raffles-hotel","http://www.raffleshotel.com","www.yoursingapore.com/content/dam/desktop/global/see-do-singapore/architecture/raffles-hotel-carousel03-rect.jpg","The iconic Raffles Hotel has been home to both tall tales and famous folks.","Raffles Hotel, Singapore","2015-11-02T10:11:09.028+08:00","3EE5CC583F1EA3CF","1/9/2017 2:59:32 PM","30306.112","30907.4027"
"22","Gillman Barracks – YourSingapore","1.2784","103.80459","Tuesday to Saturday, 11am - 7pm, Sunday, 11am - 6pm , Galleries closed on Monday and public holidays.","9 Lock Road","A former British military camp is now Asia's new Destination for Contemporary Art.","Gillman Barracks Singapore is Asia’s vibrant new destination for the creation, exhibition and discussion of contemporary art.","https://www.visitsingapore.com/see-do-singapore/arts/performance-arts/gillman-barracks","https://www.gillmanbarracks.com/","www.yoursingapore.com/content/dam/desktop/global/see-do-singapore/arts/543-GillmanBarracks-Carousel01-rect.jpg","","Gillman Barracks","2015-11-03T10:00:29.955+08:00","7C57E40897D81F38","1/9/2017 2:59:32 PM","24802.7396","28984.5149"
"23","National Museum of Singapore","1.29689","103.84883","Singapore History Gallery Daily, 10am – 6pm,Last admission at 5.30pm.Singapore Living Galleries Daily, 10am – 8pm Free admission from 6pm –8pm , Last admission at 7.30pm","93 Stamford Road","Singapore’s oldest museum is a progressive showcase of the country’s history and culture.","The National Museum of Singapore is a progressive showcase of the country’s history and culture.","https://www.visitsingapore.com/see-do-singapore/history/history-museums/national-museum-of-singapore","http://nationalmuseum.sg/","www.yoursingapore.com/content/dam/desktop/global/see-do-singapore/history/national-museum-of-singapore-carousel01-rect.jpg","The National Museum of Singapore building is also an architectural icon that is stunning to behold.","National Heritage Board","2015-10-26T14:25:34.625+08:00","89154246B42FDD93","1/9/2017 2:59:32 PM","29726.284","31029.0309"
"24","The Japanese Cemetery Park","1.36431","103.87584","Daily","825B Chuan Hoe Avenue","Located in Hougang, this is the largest Japanese cemetery in Southeast Asia and the burial ground of Singapore’s early Japanese community.","The Japanese Cemetery Park is the largest Japanese cemetery in Southeast Asia, containing nearly 1,000 graves of Singapore’s early Japanese community.","https://www.visitsingapore.com/see-do-singapore/history/memorials/japanese-cemetery-park","","www.yoursingapore.com/content/dam/desktop/global/see-do-singapore/history/japanese-cemetery-park-carousel01-rect.jpg","The Japanese Cemetery Park holds the ashes of thousands of Japanese soldiers, marines and airmen killed during World War II.","","2015-10-26T14:42:00.436+08:00","BC34A1671E3AE3E2","1/9/2017 2:59:32 PM","32732.1305","38484.0255"
"25","Dalhousie Obelisk","1.28704","103.85238","Daily","1 Empress Place","Dalhousie Obelisk at Empress Place is a famous architectural landmark in Singapore.","Dalhousie Obelisk at Empress Place is a famous architectural landmark in Singapore.","https://www.visitsingapore.com/see-do-singapore/history/memorials/dalhousie-obelisk","","www.yoursingapore.com/content/dam/desktop/global/see-do-singapore/history/dalhousie-obelisk-carousel01-rect.jpg","The Dalhousie Obelisk is a historically significant piece of Singapore architecture.","Joel Chua DY","2015-10-26T14:38:19.671+08:00","77132707AEC29309","1/9/2017 2:59:32 PM","30121.3759","29939.8715"
"26","Raffles Statue – Sir Stamford Raffles Landing Site","1.287766","103.850845","Daily","Raffles Landing Site , 59 Boat Quay","The sculpture depicts Sir Stamford Raffles, founder of modern Singapore. Two statues exist, at the Raffles Landing Site and Empress Place.","Raffles Statue depicts the founder of modern Singapore, Sir Stamford Raffles. Two statues exist today, at the Raffles Landing Site and Empress Place.","https://www.visitsingapore.com/see-do-singapore/history/memorials/sir-raffles-statue-landing-site","","","","","2015-10-26T14:48:54.546+08:00","DC70E9FD55023AA1","1/9/2017 2:59:32 PM","29950.5427","30020.1476"
"27","Singapore Philatelic Museum","1.29294","103.8487","Monday, 1pm – 7pm,Tuesday to Sunday, 9.30am – 7pm","23-B Coleman Street","The Singapore Philatelic Museum offers windows into Singapore and the world through stamps.","The Philatelic Museum offers visitors postage stamp-sized windows into Singapore and the rest of the world.","https://www.visitsingapore.com/see-do-singapore/history/history-museums/philatelic-museum","http://spm.org.sg","www.yoursingapore.com/content/dam/desktop/global/see-do-singapore/history/singapore-philatetic-museum-carousel01-rect.jpg","Take a colourful trip back in time at this Singapore museum dedicated to postage stamps and related materials.","Singapore Philatelic Museum","2015-10-26T14:31:26.106+08:00","04A519207A664846","1/9/2017 2:59:32 PM","29711.8189","30592.2602"
"28","Lim Bo Seng Memorial","1.288483","103.853027","Daily","Esplanade Park, Connaught Drive","This gazetted national monument at Esplanade Park commemorates one of Singapore’s heroes from World War II.","The gazetted Lim Bo Seng Memorial at Esplanade Park commemorates one of Singapore’s heroes from World War II.","https://www.visitsingapore.com/see-do-singapore/history/memorials/lim-bo-seng-memorial","http://www.nhb.gov.sg/places/sites-and-monuments/national-monuments/esplanade-park-memorials","www.yoursingapore.com/content/dam/desktop/global/see-do-singapore/history/lim-bo-seng-memorial-carousel01-rect.jpg","The Lim Bo Seng Memorial commemorates one of Singapore's heroes from World War II.","","2015-10-26T15:07:36.240+08:00","7D3A056808CD2ACE","1/9/2017 2:59:32 PM","30193.3804","30099.4315"
"29","Kranji War Memorial Landmark","1.41903","103.75749","Daily, 8am – 6.30pm","9 Woodlands Road","The Kranji War Memorial in Singapore honours the men and women from the Commonwealth who died in the line of duty during World War II.","The Kranji War Memorial in Singapore honours the men and women from the Commonwealth who died in the line of duty during World War II.","https://www.visitsingapore.com/see-do-singapore/history/memorials/kranji-war-memorial","http://bit.ly/19MZ0SB","www.yoursingapore.com/content/dam/desktop/global/see-do-singapore/history/kranji-war-memorial-carousel01-rect.jpg","The serene Kranji War Memorial, Singapore is a hillside cemetery set in a quiet neighbourhood.","","2015-10-26T15:19:50.818+08:00","AFF4B707DB860EE4","1/9/2017 2:59:32 PM","19561.3701","44534.7824"
"30","Indian National Army (INA) Monument","1.289954","103.854217","Daily","Esplanade Park","This marker at Esplanade Park was one of the eleven World War II markers erected in 1995 to commemorate the 50th anniversary of the end of World War II.","The Indian National Army (INA) Monument at Esplanade Park is a memorial that was built in 1995 to mark the 50th anniversary of the end of World War II.","https://www.visitsingapore.com/see-do-singapore/history/memorials/indian-national-army-monument","http://www.nhb.gov.sg/places/historic-sites/indian-national-army-memorial","www.yoursingapore.com/content/dam/desktop/global/see-do-singapore/history/indian-national-army-carousel01-rect.jpg","The Indian National Army Monument tells an intriguing story of Singapore's past.","","2015-10-26T15:02:55.258+08:00","54D00ED8E4C566FC","1/9/2017 2:59:32 PM","30325.8159","30262.0881"
"31","Reflections at Bukit Chandu","1.27954","103.79433","Tuesday to Sunday, 9am – 5.30pm,Closed on Monday (except on public holidays)","31-K Pepys Road","This heritage centre relives the Battle of Pasir Panjang, one of the fiercest battles fought against the Japanese in Singapore during World War II.","Reflections at Bukit Chandu relives the Battle of Pasir Panjang, one of the fiercest battles fought against the Japanese in Singapore during World War II.","https://www.visitsingapore.com/see-do-singapore/history/memorials/reflections-at-bukit-chandu","http://www.nhb.gov.sg/museums/reflections-at-bukit-chandu","www.yoursingapore.com/content/dam/desktop/global/see-do-singapore/history/reflections-at-bukit-chandu-carousel01-rect.jpg","Reflections at Bukit Chandu is housed in a lovingly restored colonial bungalow.","Reflections at Bukit Chandu","2015-10-26T14:52:32.405+08:00","F1CC9FAC359E754B","1/9/2017 2:59:32 PM","23660.8859","29110.5853"
"32","The Cenotaph","1.290348","103.853838","Daily","Esplanade Park, Connaught Drive","This war memorial in Esplanade Park honours the heroes who fought and died during World War I and World War II.","The Cenotaph in Singapore is a war memorial in Esplanade Park that honours the heroes who fought and died during World War I and World War II.","https://www.visitsingapore.com/see-do-singapore/history/memorials/cenotaph","http://www.nhb.gov.sg/places/sites-and-monuments/national-monuments/esplanade-park-memorials","www.yoursingapore.com/content/dam/desktop/global/see-do-singapore/history/cenotaph-carousel01-rect.jpg","Surrounded by lush green, The Cenotaph sits at a quiet spot amid the city buzz.","","2015-10-26T15:16:16.699+08:00","9BA6630A4456F36E","1/9/2017 2:59:32 PM","30283.5915","30305.6543"
"33","The Civilian War Memorial park","1.293123","103.854618","Daily","Bras Basah Road & Beach Road intersection","Situated at the War Memorial Park in Beach Road, this memorial commemorates civilian victims of the Japanese Occupation in Singapore.","The Civilian War Memorial and park in Beach Road commemorates Singapore’s civilian victims of the Japanese Occupation during World War II.","https://www.visitsingapore.com/see-do-singapore/history/memorials/civilian-war-memorial","http://www.nhb.gov.sg/places/sites-and-monuments/national-monuments/civilian-war-memorial","","","","2015-10-26T14:58:00.714+08:00","20F9D59235BF6380","1/9/2017 2:59:32 PM","30370.4408","30612.5001"
"34","Sri Veeramakaliamman Temple","1.30779","103.85258","Daily, 5.30am – 9.30pm","141 Serangoon Road","Sri Veeramakaliamman Temple is one of Singapore’s oldest Hindu temples, in the heart of Little India.","Sri Veeramakaliamman Temple is one of Singapore’s oldest Hindu temples, in the heart of Little India.","https://www.visitsingapore.com/see-do-singapore/culture-heritage/places-of-worship/sri-veeramakaliamman-temple","http://www.sriveeramakaliamman.com/","www.yoursingapore.com/content/dam/desktop/global/see-do-singapore/culture-heritage/sri-veeramakaliamman-temple-carousel01-rect.jpg","The Sri Veeramakaliamman Temple is a distinctive landmark in the heart of Little India.","","2015-11-02T10:25:02.966+08:00","B909051E514A1E58","1/9/2017 2:59:32 PM","30143.6168","32234.2997"
"35","Maghain Aboth Synagogue","1.29821","103.85081","Visits are available only by appointment. For more information, email jewishwb@singnet.com.sg or call +65 6337 2189 (ext. 103)","24/26 Waterloo Street","The Maghain Aboth Synagogue is a gem in more ways than one, providing both a snapshot of history and a glimpse into a rich culture.","The simple exterior of the Maghain Aboth Synagogue gives no indication of its richly elegant interiors.","https://www.visitsingapore.com/see-do-singapore/architecture/historical/maghain-aboth-synagogue","http://www.singaporejews.com","","","","2015-11-02T10:18:20.061+08:00","C29D251F8B184037","1/9/2017 2:59:32 PM","29946.6396","31174.9912"
"36","Sultan Mosque (Masjid Sultan) Singapore","1.302379","103.859171","Monday to Sunday:9.30am – 12pm and 2pm – 4pm ,Friday:2.30pm – 4pm","3 Muscat Street","Also known as Masjid Sultan, the impressive Sultan Mosque in historic Kampong Glam is the focal point for Singapore’s Muslim community.","The impressive Sultan Mosque (also known as Masjid Sultan) in historic Kampong Glam is the focal point for Singapore’s Muslim community.","https://www.visitsingapore.com/see-do-singapore/culture-heritage/places-of-worship/sultan-mosque","http://www.sultanmosque.org.sg","","","","2015-11-02T10:27:45.190+08:00","8EAD53A17A6233BF","1/9/2017 2:59:32 PM","30877.1398","31635.9857"
"37","Sri Mariamman Temple","1.28243","103.84538","Daily from 7am – 12pm, and 6pm – 9pm","244 South Bridge Road","Located in Chinatown, the Sri Mariamman Temple dates back to 1827 and is the oldest Hindu temple in Singapore.","Sri Mariamman Temple, located in Chinatown, is the oldest Hindu temple in Singapore.","https://www.visitsingapore.com/see-do-singapore/culture-heritage/places-of-worship/sri-mariamman-temple","http://heb.gov.sg/our-subsidiaries/temples/sri-mariamman-temple.aspx","www.yoursingapore.com/content/dam/desktop/global/see-do-singapore/culture-heritage/sri-mariamman-temple-carousel02-rect.jpg","Sri Mariamman Temple's ornate and elaborate detailing makes it a wonder to behold.","Joel Chua DY","2015-11-02T10:31:58.848+08:00","87AEBE8461E729AF","1/9/2017 2:59:32 PM","29342.3372","29430.1166"
"38","Armenian Church","1.29293","103.84966","Daily, 9am –6pm","60 Hill Street","The oldest Christian church in Singapore is an architectural masterpiece from the early 19th century.","The Armenian Church is the oldest Christian church in Singapore and an architectural masterpiece from the early 19th century.","https://www.visitsingapore.com/see-do-singapore/culture-heritage/places-of-worship/armenian-church","http://www.armeniansinasia.org/","www.yoursingapore.com/content/dam/desktop/global/see-do-singapore/culture-heritage/armenian-church-carousel01-rect.jpg","The Armenian Church in Singapore is a 19th-century architectural masterpiece.","Joel Chua DY","2015-11-02T10:34:55.710+08:00","104B770A1395B723","1/9/2017 2:59:32 PM","29818.6585","30591.1552"
"39","CHIJMES Singapore","1.29526","103.85168","Daily, 24 hours,Opening hours of businesses in CHIJMES may vary.","30 Victoria Street","Whether functioning as a school or a lifestyle and entertainment complex, it appears the beauty of CHIJMES is only equalled by its versatility.","Who would have thought a former school would make such a graceful transition? As a lifestyle and entertainment complex, CHIJMES soars high above the rest.","https://www.visitsingapore.com/see-do-singapore/architecture/historical/chijmes","http://chijmes.com.sg/","www.yoursingapore.com/content/dam/desktop/global/see-do-singapore/architecture/chijmes-carousel01-rect.jpg","The charm of CHIJMES, Singapore harks back to a bygone, gracious age.","","2015-11-02T10:13:35.220+08:00","2BACAF4FA15C1059","1/9/2017 2:59:32 PM","30043.4653","30848.796"
"40","St Andrew’s Cathedral","1.29249","103.85231","Monday to Saturday, 9am – 5pm","11 St Andrew's Road","Singapore's largest cathedral is a stellar example of colonial-era architecture and heritage.","St Andrew's Cathedral is Singapore's largest cathedral and a stellar example of colonial-era architecture and heritage.","https://www.visitsingapore.com/see-do-singapore/culture-heritage/places-of-worship/st-andrews-cathedral","http://www.livingstreams.org.sg/sac/visitors.html","www.yoursingapore.com/content/dam/desktop/global/see-do-singapore/culture-heritage/st-andrews-cathedral-temple-carousel01-rect-norender.jpg","Singapore's largest cathedral is worth a visit for its architectural beauty.","Saint Andrew's Cathedral","2015-11-02T10:22:49.830+08:00","E18BD72F36CBCE11","1/9/2017 2:59:32 PM","30113.581","30542.5043"
"41","ArtScience Museum Singapore","1.28624","103.85929","Daily, 10am – 7pm, Last admission at 6pm","6 Bayfront Ave","Catch world-class touring exhibitions at this premier exhibition space.","Catch world-class touring exhibitions at the ArtScience Museum at Marina Bay Sands.","https://www.visitsingapore.com/see-do-singapore/arts/museums-galleries/artscience-museum","http://www.marinabaysands.com/museum.html","www.yoursingapore.com/content/dam/desktop/global/see-do-singapore/arts/art-science-musuem-carousel01-rect.jpg","The ArtScience Museum in Singapore hosts a variety of international touring exhibitions.","Vincent Chong","2015-11-02T18:21:50.005+08:00","A37D6925DE629AB0","1/9/2017 2:59:32 PM","30890.4018","29851.4184"
"42","Old Ford Factory Singapore Museum","1.35232","103.76883","Monday to Saturday, 9am – 5.30pm,Sunday, 12pm – 5.30pm","351 Upper Bukit Timah Road","The Old Ford Factory holds an archive of memories about Singapore's wartime occupation by the Japanese.","The Old Ford Factory is a repository of memories about the hardships endured during the Japanese Occupation of Singapore.","https://www.visitsingapore.com/see-do-singapore/history/history-museums/memories-at-ford-factory","http://www.nas.gov.sg/moff/Home.aspx","www.yoursingapore.com/content/dam/desktop/global/see-do-singapore/history/memories-at-ford-factory-carousel01-rect.jpg","The site of the first Ford plant in Southeast Asia, the Old Ford Factory in Singapore is a journey to the past.","Joel Chua DY","2015-10-26T14:21:11.852+08:00","E7C292E56A127988","1/9/2017 2:59:32 PM","20823.1487","37158.2861"
"43","Singapore Coins and Notes Museum & Museum Singapore","1.28343","103.84452","Daily, 10am – 8pm","40 Pagoda Street, Level 1","The rare collection of currencies on display here tells Singapore’s story through the money it has used over the years.","The Singapore Coins and Notes Museum tells the story of Singapore through the currencies it has used over the years.","https://www.visitsingapore.com/see-do-singapore/history/history-museums/singapore-coins-notes-museum","http://www.singaporecoinsandnotesmuseum.com/index1.php","www.yoursingapore.com/content/dam/desktop/global/see-do-singapore/history/singapore-coins-and-notes-museum-carousel01-rect.jpg","Explore the city of Singapore through its coins and notes over the years at the Singapore Coins and Notes Museum.","Joel Chua DY","2015-10-26T14:00:10.268+08:00","D91B6BB291D5749B","1/9/2017 2:59:32 PM","29246.6256","29540.691"
"44","Singapore City Gallery","1.27987","103.84513","Monday to Saturday, 9am – 5pm","45 Maxwell Road, The URA Centre","The Singapore City Gallery tells the story of the city’s physical transformation.","The Singapore City Gallery tells the story of the city’s physical transformation.","https://www.visitsingapore.com/see-do-singapore/history/history-museums/singapore-city-gallery","http://www.ura.gov.sg/uol/citygallery.aspx","www.yoursingapore.com/content/dam/desktop/global/see-do-singapore/history/singapore-city-gallery-carousel02-rect.jpg","","","2015-10-26T14:11:48.280+08:00","D18E69A854F5D433","1/9/2017 2:59:32 PM","29314.5154","29147.0449"
"45","Changi Museum Singapore","1.36218","103.97403","Daily, 9:30am – 5pm,(Last admission: 4.30pm)","1000 Upper Changi Road North","Changi Museum provides an emotional exploration of Singapore’s wartime history during the Japanese Occupation.","Changi Museum provides an emotional exploration of Singapore’s wartime history during the Japanese Occupation.","https://www.visitsingapore.com/see-do-singapore/history/history-museums/changi-museum","http://www.changimuseum.sg","www.yoursingapore.com/content/dam/desktop/global/see-do-singapore/history/changi-museum-carousel01-rect.jpg","Explore our wartime past by learning about the Fall of Singapore and the infamous Changi Prison.","Joel Chua DY","2015-10-26T14:03:31.564+08:00","6620F5130495399B","1/9/2017 2:59:32 PM","43659.5426","38248.9163"
"46","MINT Museum of Toys Singapore & Toy Museum","1.29631","103.85439","Daily, 9.30am – 6.30pm","26 Seah Street","This toy museum will delight both adults and kids with the vast collection of vintage toys and memorabilia from around the world.","Singapore's MINT Museum of Toys' vast collection of vintage toys will delight both kids and adults.","https://www.visitsingapore.com/see-do-singapore/history/history-museums/mint-musuem-of-toys","http://www.emint.com","www.yoursingapore.com/content/dam/desktop/global/see-do-singapore/history/mint-museum-of-toys-carousel02-rect.jpg","More than 50,000 vintage toys from as many as 40 countries are on display at this Singapore toy museum.","","2015-10-26T14:08:00.518+08:00","F0E7EFFBBA4995AA","1/9/2017 2:59:32 PM","30345.0636","30964.9021"
"47","Chinese Heritage Centre","1.34379","103.68398","Monday to Friday, 9.30am – 5pm,Saturday and Sunday, 10am –5pm, Closed on public holidays","12 Nanyang Drive","The Chinese Heritage Centre in Singapore is where you can find out more about overseas Chinese communities and their culture.","The Chinese Heritage Centre in Singapore is where you can find out more about overseas Chinese communities and their culture.","https://www.visitsingapore.com/see-do-singapore/culture-heritage/heritage-discovery/chinese-heritage-centre","http://chc.ntu.edu.sg/","www.yoursingapore.com/content/dam/desktop/global/see-do-singapore/culture-heritage/chinese-heritage-centre-carousel02-rect.jpg","Explore questions on ethnic identity such as what it means to be a Chinese.","Chinese Heritage Centre, NTU","2015-11-02T09:59:33.922+08:00","C68A99A82B561DDA","1/9/2017 2:59:32 PM","11380.228","36215.4949"
"48","Kampong Glam & Malay Culture","1.30238","103.8595","","3 Muscat Street","Discover Kampong Glam's rich history, living traditions, excellent eateries and trendy shops in this vibrant neighbourhood.","Discover the heart of Singapore’s Malay community, living traditions, excellent eateries and trendy shops in vibrant Kampong Glam.","https://www.visitsingapore.com/see-do-singapore/places-to-see/kampong-glam","http://www.kampongglam.org.sg/","www.yoursingapore.com/content/dam/desktop/global/see-do-singapore/places-to-see/kampong-glam-carousel01-rect-norender.jpg","Delve into Malay culture at the heart of its community, Kampong Glam Singapore.","","2015-10-22T12:28:04.683+08:00","CB22177613508D3F","1/9/2017 2:59:32 PM","30913.7547","31636.0967"
"49","Contemporary Arts Center","1.275","103.8045","Tuesday to Sunday, 12pm – 7pm Friday, 12pm – 9pm , Closed on Monday. Open on public holiday.","43 Malan Road","This university arts research centre explores contemporary art through exhibitions, public programmes, residencies and research programmes.","The Contemporary Arts Center at the Nanyang Technological University uses a variety of medium to explore contemporary art.","https://www.visitsingapore.com/see-do-singapore/arts/performance-arts/centre-for-contemporary-art","http://www.ntu.ccasingapore.org/","www.yoursingapore.com/content/dam/desktop/global/see-do-singapore/arts/afiq_omar_rect.jpg","The Contemporary Arts Center hosts exhibitions, live performances, film screenings and talks by visiting artists and curators.","Courtesy of NTU CCA Singapore","2015-10-20T12:34:59.810+08:00","6A6F2B61ACBE12CB","1/9/2017 2:59:32 PM","24792.7192","28608.5605"
"50","The Substation","1.2944","103.84934","The Substation Box Office ,Monday to Friday, 12pm - 2pm and 5pm - 8pm.Saturday and Sunday, open an hour prior to weekend showtimes. Closed on public holidays.The Substation Gallery Daily, 12pm – 9pm Closed on public holidays","45 Armenian Street","This experimental arts centre gives a space for contemporary artists to try out new concepts.","The Substation is an experimental arts centre that gives a space for contemporary artists to try out new concepts.","https://www.visitsingapore.com/see-do-singapore/arts/performance-arts/the-substation","http://www.substation.org","","","","2015-10-20T12:32:55.819+08:00","DC83F6C5F5008A06","1/9/2017 2:59:32 PM","29783.0444","30753.6999"
"51","Red Dot Design Museum","1.27828","103.84572","Monday - Friday, 11am – 6 pm, Saturday and Sunday, 11am – 8 pm","28 Maxwell Road, Red Dot Traffic","This museum holds more than 1,000 award-winning products, communications and concepts that will delight design fans.","The Red Dot Design Museum holds more than 1,000 products and items that are winners for their good design.","https://www.visitsingapore.com/see-do-singapore/arts/museums-galleries/red-dot-design-museum","http://museum.red-dot.sg","www.yoursingapore.com/content/dam/desktop/global/see-do-singapore/arts/red-dot-design-museum-carousel01-rect.jpg","Award-winning exhibits at the Red Dot Design Museum in Singapore are sure to delight design fans.","Red Dot Museum","2015-10-20T12:16:22.647+08:00","ACB1EE06342F2F04","1/9/2017 2:59:32 PM","29380.1786","28971.2313"
"52","Singapore Art Museum","1.297424","103.851068","Monday to Thursday, 10am – 7pm, Friday, 10am – 9pm","71 Bras Basah Road","Singapore Art Museum is Singapore’s contemporary art museum, focused on Southeast Asian contemporary art.","The Singapore Art Museum houses the world’s largest public collection of contemporary Southeast Asian artworks.","https://www.visitsingapore.com/see-do-singapore/arts/museums-galleries/singapore-art-museum","http://www.singaporeartmuseum.sg","www.yoursingapore.com/content/dam/desktop/global/see-do-singapore/arts/singapore-art-museum-carousel01-rect-norender.jpg","Get to know the works of contemporary artists around Southeast Asia at the Singapore Art Museum.","","2015-10-20T11:37:44.504+08:00","66C705DDEDD2F321","1/9/2017 2:59:32 PM","29975.3532","31088.0796"
"53","Esplanade Theatres on the Bay","1.2898","103.85528","Box Office","1 Esplanade Drive","Catch a non-stop line-up of world-class performances at Singapore’s premier arts centre.","Esplanade Theatres on the Bay is the country’s premier arts centre as well as an iconic landmark on the city’s skyline.","https://www.visitsingapore.com/see-do-singapore/arts/performance-arts/esplanade-theatres-on-the-bay","http://www.esplanade.com/index.jsp","www.yoursingapore.com/content/dam/desktop/global/see-do-singapore/arts/the-esplanade-carousel01-rect.jpg","Get your dose of creativity at Esplanade Theatres on the Bay, Singapore's premier arts centre.","Mori Hidetaka, Courtesy of Esplanade – Theatres on the Bay","2015-10-20T12:21:35.825+08:00","Daily, 12pm – 8.30pm, The Esplanade Box Office will open 1 hour prior to show commencement for shows before 12 noon and will remain open up to half an hour after show commencement for shows starting after 8.30pm.","1EDDE532D78631EC","1/9/2017 2:59:32 PM","30444.1189"
"54","National Design Centre","1.29882","103.85351","Daily, 9.00am – 9.00pm","111 Middle Road","The National Design Centre is the nexus for all things design. It hosts design exhibitions, events and programmes that will quicken the pulse of design lovers.","The National Design Centre is a design lover’s dream destination.","https://www.visitsingapore.com/see-do-singapore/arts/museums-galleries/national-design-centre","http://www.designsingapore.org/ndc/About_NDC.aspx","www.yoursingapore.com/content/dam/desktop/global/see-do-singapore/arts/national-design-centre-carousel01-rect.jpg","Explore the wonderful world of design at the National Design Centre, Singapore.","National Design Centre","2015-10-20T11:24:02.450+08:00","16BBEDDA2FDE3766","1/9/2017 2:59:32 PM","30247.125","31242.4441"
"55","Victoria Theatre Singapore","1.28837","103.851641","Daily, 10am – 9pm","11 Empress Place","After a four-year refurbishment, the Victoria Theatre and Concert Hall has since reopened, with its first official concert held there in August 2014.","The historic Victoria Theatre and Concert Hall has been transformed to meet the needs of a modern audience.","https://www.visitsingapore.com/see-do-singapore/arts/performance-arts/victoria-theatre-concert-hall","https://www.nac.gov.sg/arts-spaces/nac-arts-venues","www.yoursingapore.com/content/dam/desktop/global/see-do-singapore/arts/victoria-theatre-concert-hall-caurousel01-rect.jpg","Catch world-class performances at stunning venues, like The Victoria Theatre and Concert Hall.","","2015-10-22T09:40:49.148+08:00","46678220B68EA084","1/9/2017 2:59:32 PM","30039.1304","30086.9353"
"56","NUS University Museum","1.301775","103.772686","Tuesday to Friday, 10am – 7.30pm,Saturday and Sunday, 10am – 6pm","50 Kent Ridge Crescent, National University of Singapore","Get a deeper insight into Asian art and artefacts at this museum on the campus of the National University of Singapore.","Get a deeper insight into Asian art and artefacts at NUS Museum at Singapore’s leading university.","https://www.visitsingapore.com/see-do-singapore/arts/museums-galleries/nus-museum","http://www.nus.edu.sg/cfa/museum/","www.yoursingapore.com/content/dam/desktop/global/see-do-singapore/arts/nus-museum-carousel01-rect.jpg","The NUS Museum in Singapore houses more than 8,000 exhibits that take you back to the past.","","2015-10-20T11:32:34.809+08:00","2F015A9E349662CD","1/9/2017 2:59:32 PM","21252.1858","31569.254"
"57","Sun Yat Sen Memorial Hall","1.32795","103.84692","Tuesday to Sunday, 10am – 5pm, Closed on Monday","12 Tai Gin Road","This revamped museum is a fitting tribute to the intriguing life and times of Chinese revolutionary leader Dr Sun Yat Sen.","The Sun Yat Sen Memorial Hall is a fitting tribute to the intriguing life and times of Chinese revolutionary leader Dr Sun Yat Sen.","https://www.visitsingapore.com/see-do-singapore/history/memorials/sun-yat-sen-memorial-hall","http://www.sysnmh.org.sg","www.yoursingapore.com/content/dam/desktop/global/see-do-singapore/history/sun-yat-sen-memorial-hall-carousel01-rect.jpg","The Sun Yat Sen Memorial Hall pays tribute to the revolutionary leader.","Choo Yut Shing","2015-10-26T14:46:02.086+08:00","6AFBBDBC1816DD44","1/9/2017 2:59:32 PM","29513.6993","34463.4849"
"58","Asian Civilisations Museum & Singapore Museum","1.287384","103.851723","Saturday to Thursday, 10am – 7pm, Friday, 10am – 9pm","1 Empress Place","Housed in a historical building by the Singapore River, this museum tells the stories of Asian civilisations through its permanent collections.","Housed in a historical building by the Singapore River, this museum is a microcosm of Asian civilisations spread over 11 galleries.","https://www.visitsingapore.com/see-do-singapore/history/history-museums/asian-civilizations-museum","http://acm.org.sg/","www.yoursingapore.com/content/dam/desktop/global/see-do-singapore/history/asian-civilizations-museum-carousel01-rect.jpg","The Asian Civilizations Museum, Singapore is a historic building that tells the story of Asian civilisation.","National Heritage Board","2015-10-26T14:28:34.961+08:00","F578549D97C6E722","1/9/2017 2:59:32 PM","30048.2571","29977.9087"
"59","Singapore Botanic Gardens","1.31384","103.815914","Singapore Botanic Gardens Daily, 5am - 12am National Orchid Garden Daily, 8.30am - 7pm(last ticket sales at 6pm)Jacob Ballas Children's Garden Tuesday to Sunday, 8am - 7pm(last admission: 6.30pm)Closed every Monday (except when it falls on a designated public holiday)SBG Heritage MuseumDaily*, 9am - 6pm*Closed every last Monday of the month (except when it falls on a designated public holiday, it will be closed the following day)","1 Cluny Road","Singapore’s oldest garden is a treasure trove for plant lovers, or those who simply want to have a good time outdoors.","Singapore’s Botanic Gardens is a treasure trove for plant lovers, or those who simply want to have a good time outdoors.","https://www.visitsingapore.com/see-do-singapore/nature-wildlife/parks-gardens/singapore-botanic-gardens","http://www.sbg.org.sg","www.yoursingapore.com/content/dam/desktop/global/see-do-singapore/nature-wildlife/singapore-botanic-gardens-carousel01-rect.jpg","","","2015-10-02T15:27:52.272+08:00","6D2E9018B62DC124","1/9/2017 2:59:32 PM","26063.0369","32903.2763"
"60","Singapore Zoo","1.404348","103.793023","Daily, 8.30am – 6pm(last ticket sale at 5.30pm)","80 Mandai Lake Road","Singapore’s zoo is a beautiful, award-winning wildlife park, where animals can roam freely in their natural habitats.","Catch animals in their natural habitats at the award-winning Singapore Zoo.","https://www.visitsingapore.com/see-do-singapore/nature-wildlife/fun-with-animals/singapore-zoo","http://www.zoo.com.sg","www.yoursingapore.com/content/dam/desktop/global/see-do-singapore/nature-wildlife/singapore-zoo-carousel04-rect.jpg","The award-winning Singapore Zoo lets you see your favourite animals in all their natural wonder.","Wildlife Reserves Singapore","2015-09-22T09:45:21.173+08:00","5372CE1F30B3B4BF","1/9/2017 2:59:32 PM","23515.6546","42911.2213"
"61","River Safari Singapore","1.403732","103.789423","Daily, 10am - 7pm","80 Mandai Lake Road","At the River Safari Singapore, meet manatees and monkeys, piranhas and pandas, as they congregate in and around the park’s waters.","The River Safari Singapore is a fascinating new wildlife park that recreates life in and around the world’s rivers.","https://www.visitsingapore.com/see-do-singapore/nature-wildlife/fun-with-animals/river-safari-singapore","http://www.riversafari.com.sg","www.yoursingapore.com/content/dam/desktop/global/see-do-singapore/nature-wildlife/river-safari-singapore-carousel01-rect.jpg","Meet manatees, monkeys and more as you ride the world's rivers at River Safari, Singapore.","","2015-09-22T10:33:35.047+08:00","7A36215ED26BB17C","1/9/2017 2:59:32 PM","23115.0226","42843.1142"
"62","Cable Car Singapore & Mount Faber","1.271375","103.819206","","109 Mount Faber Road","Getting to this hilltop dining and entertainment spot at Mount Faber by cable car  is half the fun.","Getting to the hilltop dining and entertainment spot at Mount Faber by cable car is half the fun.","https://www.visitsingapore.com/see-do-singapore/nature-wildlife/parks-gardens/mount-faber","http://www.mountfaber.com.sg/","www.yoursingapore.com/content/dam/desktop/global/see-do-singapore/nature-wildlife/mount-faber-carouse01-rect.jpg","Spend a unique evening overlooking spectacular views on a cable car in Singapore's Mount Faber.","","2015-10-02T15:13:15.155+08:00","1142A9F2DCFFF3BE","1/9/2017 2:59:32 PM","26429.3455","28207.6688"
"63","Night Safari","1.402187","103.788061","Daily, 7.30pm - 12am .Last ticket sale at 11.15pm.F and B and retail outlets open from 5.30pm","80 Mandai Lake Road","Instead of going to a club, pop into another popular nightspot, the Night Safari, and mingle with a different crowd of animals at this special zoo.","Head to the Night Safari for an after dark visit to the weird and wonderful creatures of the night.","https://www.visitsingapore.com/see-do-singapore/nature-wildlife/fun-with-animals/night-safari","http://www.nightsafari.com.sg","www.yoursingapore.com/content/dam/desktop/global/see-do-singapore/nature-wildlife/night-safari-carousel01-rect.jpg","Enter a world of nocturnal creatures at the Night Safari, Singapore.","","2015-10-02T15:15:50.135+08:00","08756E67E54BAF91","1/9/2017 2:59:32 PM","22963.4473","42672.2788"
"64","Pulau Ubin & Singapore Islands","1.413741","103.959261","","Pulau Ubin","Gravel roads, lush forests and abundant wildlife – Pulau Ubin is a living showcase of what Singapore was like in the 1960s.","Hop on a bumboat to the island of Pulau Ubin if you want a taste of nature and rustic village life, away from the hustle and bustle of Singapore.","https://www.visitsingapore.com/see-do-singapore/nature-wildlife/singapore-islands/pulau-ubin","http://www.nparks.gov.sg/cms/index.php?option=com_visitorsguide&task=parks&id=29&Itemid=73","","","","2015-10-02T15:18:44.241+08:00","1F6EDE4F44A8937C","1/9/2017 2:59:32 PM","42015.5629","43950.182"
"65","Little India Singapore","1.30723","103.84982","","60 Bukit Timah Road","Little India is a buzzing historic area that shows off the best of Singapore’s Indian community from vibrant culture to incredible shopping.","Little India is a buzzing historic district that shows off the best of Singapore’s Indian community, from vibrant culture to ethnic-inspired shopping.","https://www.visitsingapore.com/see-do-singapore/places-to-see/little-india","http://www.littleindia.com.sg/","www.yoursingapore.com/content/dam/desktop/global/see-do-singapore/places-to-see/little-india-carousel01-rect.jpg","Immerse yourself in the rich culture of Little India, Singapore.","","2015-10-12T15:10:33.979+08:00","DA42B5D8A31A6643","1/9/2017 2:59:32 PM","29836.4549","32172.3757"
"66","Orchard Road","1.30429","103.83249","","437 Orchard Road","Orchard Road, Asia’s most famous shopping street, is home to fashion favourites, specialist stores and loads of other lifestyle choices.","Don’t miss a trip to Orchard Road. Asia’s most famous shopping street is home to fashion favourites, specialist stores and loads of other lifestyle choices.","https://www.visitsingapore.com/see-do-singapore/places-to-see/orchard","http://www.orchardroad.org/","www.yoursingapore.com/content/dam/desktop/global/see-do-singapore/places-to-see/orchard-carousel01-rect.jpg","Orchard Road, Singapore is nothing short of a shopper's paradise.","Goh Hak Liang","2015-10-14T14:29:19.486+08:00","4D2D3EC58531B990","1/9/2017 2:59:32 PM","27907.7867","31847.2796"
"67","MacRitchie Singapore & Singapore Nature Reserve","1.344843","103.822346","","MacRitchie Reservoir Park","The attractions around MacRitchie Reservoir is a playground of nature for those who love the outdoors.","The attractions around MacRitchie Reservoir caters to fitness fanatics, water sports enthusiasts and nature lovers.","https://www.visitsingapore.com/see-do-singapore/nature-wildlife/reserves/macritchie-nature-reserve","http://www.nparks.gov.sg/cms/macritchie.php?option=com_visitorsguide&task=naturereserves&id=49&Itemid=75","www.yoursingapore.com/content/dam/desktop/global/see-do-singapore/nature-wildlife/macritchie-nature-reserve-carousel01-rect.jpg","MacRitchie Reservoir is nature’s playground for those who love the great outdoors.","","2015-10-15T18:52:17.740+08:00","DDB5957EB3AA5260","1/9/2017 2:59:32 PM","26778.8722","36331.425"
"68","Civic District","1.29324","103.85222","","150 North Bridge Road","The Civic District is where Singapore’s historical, architectural and cultural heritage started.","The Civic District is where Singapore’s historical, architectural and cultural heritage starts.","https://www.visitsingapore.com/see-do-singapore/places-to-see/civic-district","","www.yoursingapore.com/content/dam/desktop/global/see-do-singapore/places-to-see/civic-district-carousel01-rect.jpg","Immerse yourself in a day of history and culture at the Civic District, Singapore.","","2015-10-13T14:04:28.278+08:00","6F2AF7883CCFE4D6","1/9/2017 2:59:32 PM","30103.5641","30625.4353"
"69","HarbourFront","1.26532","103.82057","","81 Telok Blangah Road","HarbourFront is the place to go if you're hopping on a cruise from Singapore, taking a regional ferry or simply want to eat, shop or relax.","HarbourFront is the place to go if you're hopping on a cruise from Singapore, taking a ferry to the outlying islands or simply want to eat, shop or relax.","https://www.visitsingapore.com/see-do-singapore/places-to-see/harbourfront","http://www.shba.org.sg/","www.yoursingapore.com/content/dam/desktop/global/see-do-singapore/places-to-see/harbourfront-carousel01-rect.jpg","HarbourFront, Singapore is your exciting gateway to entertainment and Singapore's outlying islands.","St. James Holdings Ltd","2015-10-12T15:30:50.116+08:00","A36249B1D464358B","1/9/2017 2:59:32 PM","26581.1783","27538.1818"
"70","Bras Basah.Bugis","1.30069","103.85624","","220 Victoria Street","The Bras Basah.Bugis Precinct is the arts and heritage district in Singapore's civic centre, and home to museums and monuments.","The Bras Basah.Bugis Precinct is the vibrant arts and cultural district in the heart of Singapore's civic centre, and home to top museums and monuments.","https://www.visitsingapore.com/see-do-singapore/places-to-see/bras-basah-bugis","http://www.brasbasahbugis.sg/","www.yoursingapore.com/content/dam/desktop/global/see-do-singapore/places-to-see/bras-basah-bugis-carousel01-rect.jpg","There’s nowhere else quite like shopping at Bugis.","","2015-10-12T15:34:32.303+08:00","AFF0646A9479E678","1/9/2017 2:59:32 PM","30550.9479","31449.2216"
"71","SAM at 8Q & Singapore Art Museum","1.29731","103.85168","Monday to Thursday, 10am – 7pm, Friday, 10am – 9pm","8 Queen Street","An extension of the Singapore Art Museum, SAM at 8Q features contemporary art exhibitions and is home to a Moving Image Gallery, where film screenings are held.","SAM at 8Q at the Singapore Art Museum showcases the works of Singapore contemporary artists.","https://www.visitsingapore.com/see-do-singapore/arts/museums-galleries/8q-sam","","www.yoursingapore.com/content/dam/desktop/global/see-do-singapore/arts/8q-sam-carousel01-rect.jpg","SAM at 8Q is the funkier sister of the Singapore Art Museum.","8Q at SAM","2015-11-02T18:22:04.494+08:00","BFCC9FFFED1EC200","1/9/2017 2:59:32 PM","30043.4636","31075.4746"
"72","Jamae Mosque (Masjid Chulia) Singapore","1.28311","103.84554","Daily","218 South Bridge Road","Also known as Masjid Chulia, Jamae Mosque is one of Singapore’s oldest mosques and a prominent landmark in Chinatown since the 1820s.","Jamae Mosque (or Masjid Chulia) is one of Singapore’s oldest mosques and a prominent landmark in Chinatown since the 1820s.","https://www.visitsingapore.com/see-do-singapore/culture-heritage/places-of-worship/jamae-mosque","http://www.masjidjamaechulia.sg/","www.yoursingapore.com/content/dam/desktop/global/see-do-singapore/culture-heritage/jamae-mosque-carousel01-rect.jpg","The Jamae Mosque in Singapore is one of the oldest mosques in Singapore.","","2015-11-03T10:25:29.354+08:00","A3B7A326E3EB2A55","1/9/2017 2:59:32 PM","29360.1435","29505.3077"
"73","Institute of Contemporary Arts Singapore","1.3029","103.8516","Tuesday to Sunday, 12pm - 7pm, Closed on Monday and public holidays","LASALLE College of the Arts, 1 McNally Street","This experimental art space housed in a tertiary arts college will help you deepen your understanding of contemporary art.","Housed in a tertiary arts college, the Institute of Contemporary Arts Singapore will help you deepen your appreciation for experimental artworks.","https://www.visitsingapore.com/see-do-singapore/arts/performance-arts/institute-of-contemporary-arts","https://www.lasalle.edu.sg/ICAS/About-ICAS","www.yoursingapore.com/content/dam/desktop/global/see-do-singapore/arts/institute-for-contemporary-art-carousel01-rect.jpg","Be inspired by the architecture and creativity at the Institute of Contemporary Arts, Singapore.","","2015-11-03T14:00:10.125+08:00","C3B4EB773B2F2888","1/9/2017 2:59:32 PM","30034.5559","31693.5879"
"74","Singapore Flyer","1.289299","103.863137","Daily, 8.30am - 10.30pm, (last admission: 10.15pm)","30 Raffles Avenue","This giant observation wheel offers 360-degree city views, a panorama that stretches to parts of Malaysia and Indonesia on a clear day.","The Singapore Flyer not only offers you stunning views of the city, but is one of the city’s most recognisable architectural icons.","https://www.visitsingapore.com/see-do-singapore/recreation-leisure/viewpoints/singapore-flyer","http://www.singaporeflyer.com","www.yoursingapore.com/content/dam/desktop/global/see-do-singapore/recreation-leisure/singapore-flyer-carousel01-rect-norender.jpg","Marvel at spectacular panoramas of the city skyline from the Singapore Flyer.","Singapore Flyer","2015-11-03T17:55:41.364+08:00","C05557DE7EEF2690","1/9/2017 2:59:32 PM","31318.5367","30189.6714"
"75","Marina Bay Sands®","1.283456","103.86081","SkyPark<sup® Operating Hours - Monday to Thursday, 9:30am – 10pm, Friday to Sunday, 9:30am – 11pm, Shoppes Daily, 10am – 10pm (hours vary by store)","10 Bayfront Avenue","A feat of engineering, an architectural statement and a sheer aesthetic triumph, Marina Bay Sands<sup>®</sup> has upped the ante for buildings in Singapore.","Superlatives naturally spring to mind when beholding Marina Bay Sands®. Its bold, swooping curves, steep slopes, and soaring spaces defy gravity and evoke awe.","https://www.visitsingapore.com/see-do-singapore/architecture/modern/marina-bay-sands","http://www.marinabaysands.com","www.yoursingapore.com/content/dam/desktop/global/see-do-singapore/architecture/marina-bay-sands-carousel01-rect.jpg","The breathtaking Marina Bay Sands is a sheer modern architectural triumph.","","2015-11-02T09:44:49.007+08:00","7331E4DE918716B1","1/9/2017 2:59:32 PM","31059.5684","29543.5798"
"76","Marina Barrage","1.28063","103.87159","Marina Barrage - All day  Information Counter Daily, 9am – 9pm","8 Marina Gardens Drive","This innovative facility not only supplies water to Singaporeans and helps alleviate floods but also doubles up as a place for family fun.","The Marina Barrage not only supplies water to Singaporeans and helps alleviate floods but also doubles up as a place for family fun.","https://www.visitsingapore.com/see-do-singapore/architecture/modern/marina-barrage","https://www.pub.gov.sg/marinabarrage","www.yoursingapore.com/content/dam/desktop/global/see-do-singapore/architecture/marina-barrage-carousel01-rect.jpg","More than just an ordinary dam, the Marina Barrage is an ideal recreational space.","Public Utilities Board","2015-11-02T09:24:23.885+08:00","440F954B01E14F36","1/9/2017 2:59:32 PM","32259.2983","29231.1107"
"77","Henderson Waves Bridge","1.276242","103.815254","Daily, 24 hours","Henderson Road","Lush jungle is broken up with a seriously creative twist in the fantastic form of the Henderson Waves bridge.","With the Henderson Waves bridge, form meets function to stunning effect.","https://www.visitsingapore.com/see-do-singapore/architecture/modern/henderson-waves","http://www.nparks.gov.sg","www.yoursingapore.com/content/dam/desktop/global/see-do-singapore/architecture/henderson-waves-carousel01-rect.jpg","Explore some of the city’s best parks and trails, such as the Southern Ridges Walk.","Andrew Tan","2015-11-02T09:47:06.929+08:00","56F60ECCB016AE60","1/9/2017 2:59:32 PM","25989.5445","28745.9388"
"78","Labrador Nature Reserve","1.265833","103.801944","","Labrador Villa Road","With its rich biodiversity and war relics, nature lovers and history enthusiasts will find plenty to do at Labrador Nature Reserve.","With its rich biodiversity and war relics, nature lovers and history enthusiasts will find plenty to do at Labrador Nature Reserve.","https://www.visitsingapore.com/see-do-singapore/nature-wildlife/reserves/labrador-nature-reserve","http://www.nparks.gov.sg/cms/index.php?option=com_visitorsguide&task=naturereserves&id=48","www.yoursingapore.com/content/dam/desktop/global/see-do-singapore/nature-wildlife/labrador-nature-reserve-carousel01-rect.jpg","Labrador Nature Reserve in Singapore is a beautiful park that is rich with biodiversity.","National Parks Board","2015-03-30T12:57:27.648+08:00","DF0BE5AB0C7698B5","1/9/2017 2:59:32 PM","24508.2441","27594.9243"
"79","Marina Bay Singapore","1.280285","103.856454","","11 Marina Boulevard","Marina Bay represents all things modern and super-stylish, from trendy dining destinations to exciting leisure spots.","Marina Bay represents all things modern and super-stylish in Singapore, from trendy dining destinations to fun leisure spots.","https://www.visitsingapore.com/see-do-singapore/places-to-see/marina-bay-area","http://www.marina-bay.sg","www.yoursingapore.com/content/dam/desktop/global/see-do-singapore/places-to-see/marina-bay-area-carousel01-rect.jpg","Marina Bay Sands® is an integrated resort with experiences like no other.","","2015-07-23T09:42:57.583+08:00","5AD21888722F3184","1/9/2017 2:59:32 PM","30574.7846","29192.92"
"80","Marina Bay Sands","1.283879","103.85899","Opening hours varies. Please visit the official website for more information.","10 Bayfront Avenue","This iconic integrated resort boasts luxury accommodations, upscale shopping and an infinity pool with unparalleled views of the city.","Marina Bay Sands® boasts luxury accommodations, upscale shopping and an infinity pool with unparalleled views of the city.","https://www.visitsingapore.com/see-do-singapore/recreation-leisure/resorts/marina-bay-sands","http://www.marinabaysands.com/index.html","www.yoursingapore.com/content/dam/desktop/global/see-do-singapore/recreation-leisure/marina-bay-sands-carousel01-rect.jpg","","","2015-09-01T15:35:42.052+08:00","DACF0BC7DBD1F3ED","1/9/2017 2:59:32 PM","30857.017","29590.2956"
"81","Chek Jawa","1.407866","103.96371","","Chek Jawa, Pulau Ubin","A world away from shopping malls and glitzy hotels, this natural wonder is one of Singapore’s richest eco-systems.","A world away from shopping malls and glitzy hotels, the natural wonder of Chek Jawa is one of Singapore’s richest eco-systems.","https://www.visitsingapore.com/see-do-singapore/nature-wildlife/reserves/chek-jawa","https://www.nparks.gov.sg/gardens-parks-and-nature/parks-and-nature-reserves/pulau-ubin-and-chek-jawa/what-to-see/about-chek-jawa","www.yoursingapore.com/content/dam/desktop/global/see-do-singapore/nature-wildlife/chek-jawa-carousel03-rect-norender.jpg","Bird lovers can spot rare species from a 21-metre tall viewing tower at Chek Jawa.","National Parks Board","2015-09-07T14:06:03.482+08:00","FBA8545CF13B27A4","1/9/2017 2:59:32 PM","42510.7668","43300.5908"
"82","Merlion Park","1.286862","103.854552","","One Fullerton","Half-fish and half-lion, the iconic Merlion resides at the waterfront Merlion Park.","Merlion Park houses a Singapore icon that is half-fish and half-lion, and famous throughout the world.","https://www.visitsingapore.com/see-do-singapore/recreation-leisure/viewpoints/merlion-park","","www.yoursingapore.com/content/dam/desktop/global/see-do-singapore/recreation-leisure/merlion-park-skypark-carousel01-rect.jpg","Come and see the Singapore icon that is half-fish and half-lion at the Merlion Park.","","2015-10-06T17:28:25.792+08:00","AD52332D06E3A687","1/9/2017 2:59:32 PM","30363.1014","29920.191"
"83","Marina Bay Sands® SkyPark","1.283456","103.86081","Monday to Thursday, 9.30am - 10pm.Friday to Sunday, 9.30am - 11pm","Level 57, 10 Bayfront Avenue","The Marina Bay Sands<sup>®</sup> SkyPark is a roof like no other, perched 200 metres in the air with an infinity pool and observation deck in the clouds.","The Marina Bay Sands<sup>®</sup> SkyPark is a roof like no other, perched 200 metres in the air with an infinity pool and observation deck in the clouds.","https://www.visitsingapore.com/see-do-singapore/recreation-leisure/viewpoints/marina-bay-sands-skypark","http://www.marinabaysands.com/sands-skypark.html","www.yoursingapore.com/content/dam/desktop/global/see-do-singapore/recreation-leisure/marina-bay-sands-skypark-carousel01-rect.jpg","Take in stunning views from an infinity pool and observation deck in the clouds at the Marina Bay Sands SkyPark.","Andrew Tan","2015-09-28T18:27:45.210+08:00","7331E4DE725ACB11","1/9/2017 2:59:32 PM","31059.5684","29543.5798"
"84","Resorts World Sentosa","1.25675","103.82033","Opening hours differ for the various attractions.","8 Sentosa Gateway, Sentosa Island","Experience endless excitement at Resorts World Sentosa with a variety of attractions and entertainment hot spots.","Whether it’s themes parks, world-class performances or celebrity restaurants, you’ll never run out of things to do at Resorts World™ Sentosa.","https://www.visitsingapore.com/see-do-singapore/recreation-leisure/resorts/resorts-world-sentosa","http://www.rwsentosa.com","www.yoursingapore.com/content/dam/desktop/global/see-do-singapore/recreation-leisure/resorts-world-sentosa-carousel01-rect.jpg","From world-class theme parks to celebrity restaurants, Resorts World Sentosa has it all.","Resort World Sentosa","2015-09-28T18:21:18.109+08:00","97EC9874CBC2984E","1/9/2017 2:59:32 PM","26554.4633","26590.5558"
"85","Singapore Garden & Singapore Park","1.280569","103.817589","","Henderson Road, Mount Faber Park, Telok Blangah Hill Park","This 10-km stretch of connecting trails lets you walk among the trees to observe a wide variety of flora and fauna in their natural habitat.","The Southern Ridges is a 10-km stretch of connecting trails which lets you walk among the trees to observe a wide variety of flora and fauna in their natural habitat.","https://www.visitsingapore.com/see-do-singapore/nature-wildlife/parks-gardens/the-southern-ridges","","www.yoursingapore.com/content/dam/desktop/global/see-do-singapore/recreation-leisure/resorts-world-sentosa-carousel01-rect.jpg","From world-class theme parks to celebrity restaurants, Resorts World Sentosa has it all.","Resort World Sentosa","2015-09-09T09:59:33.518+08:00","39CD82A0379D4F2E","1/9/2017 2:59:32 PM","26249.4255","29224.3391"
"86","Sungei Buloh","1.44672","103.730149","","301 Neo Tiew Crescent","This ecological wonder will transport you into a world rich in animal and plant life.","The ecological wonder of Sungei Buloh will transport you into a world rich in animal and plant life.","https://www.visitsingapore.com/see-do-singapore/nature-wildlife/reserves/sungei-buloh-wetland-reserve","https://www.nparks.gov.sg/sbwr","www.yoursingapore.com/content/dam/desktop/global/see-do-singapore/nature-wildlife/the-southern-ridges-carousel01-rect.jpg","Get up close with a wide variety of flora and fauna in their natural habitat at this Singapore Garden.","National Parks Board","2015-10-02T15:32:19.572+08:00","EED34843F02C6863","1/9/2017 2:59:32 PM","16518.8453","47596.7259"
"87","S.E.A. Aquarium","1.257355","103.819493","Open daily at 10am.Closing time varies. Please visit the official website for more information.","8 Sentosa Gateway, Sentosa Island","Immerse yourself underwater at the S.E.A. Aquarium™ and discover more than 100,000 marine animals.","Immerse yourself underwater at the S.E.A. Aquarium™ and take a look into the planet’s largest window to the ocean.","https://www.visitsingapore.com/see-do-singapore/nature-wildlife/fun-with-animals/sea-aquarium","http://www.rwsentosa.com/language/en-US/Homepage/Attractions/MarineLifePark","www.yoursingapore.com/content/dam/desktop/global/see-do-singapore/nature-wildlife/sungei-buloh-wetland-reserve-carousel01-rect.jpg","Explore a world rich with animal and plant life at the Sungei Buloh Wetland Reserve.","","2015-10-02T15:23:07.822+08:00","504E99BC0FDD6619","1/9/2017 2:59:32 PM","26461.3339","26657.443"
"88","Singapore River","1.28848","103.84676","","10 Eu Tong Sen Street","Get to know historic Singapore River and its famous quays: Boat Quay, Clarke Quay and Robertson Quay. After all, this is where it all began.","Get to know the historic Singapore River and its famous quays: Boat Quay, Clarke Quay and Robertson Quay. This, after all, is where it all began.","https://www.visitsingapore.com/see-do-singapore/places-to-see/singapore-river","http://singapore-river.com/","www.yoursingapore.com/content/dam/desktop/global/see-do-singapore/places-to-see/singapore-river-carousel01-rect.jpg","Take a stroll along the Singapore River and see how the city came to be.","","2015-10-12T15:16:52.053+08:00","43818DD77EF103C0","1/9/2017 2:59:32 PM","29495.9162","30099.0953"
"89","Joo Chiat/Katong","1.30589","103.90448","","113 East Coast Road","Discover Peranakan culture as you stroll past heritage shophouses, quaint stores and eateries in this charming corner of eastern Singapore.","Discover Peranakan culture as you stroll past heritage shophouses, quaint stores and eateries in Joo Chiat/Katong, a charming corner of eastern Singapore.","https://www.visitsingapore.com/see-do-singapore/places-to-see/joochiat-katong","","www.yoursingapore.com/content/dam/desktop/global/see-do-singapore/places-to-see/joochiat-katong-carousel01-rect.jpg","Spend a day exploring heritage shophouses and quaint stores at Joo Chiat/Katong.","","2015-10-12T15:49:21.359+08:00","C320AD45AD17F6CE","1/9/2017 2:59:32 PM","35919.6114","32024.3114"
"90","Sentosa Island","1.24883","103.82809","","33 Allanbrooke Road","Sentosa Island is Singapore’s favourite leisure destination with exciting attractions, golden beaches, luxe retreats and the country’s first integrated resort.","Sentosa Island is Singapore’s favourite leisure destination, with more than 500 hectares filled with exciting attractions, golden beaches, luxe retreats and the country’s first integrated resort, Resorts World Sentosa.","https://www.visitsingapore.com/see-do-singapore/places-to-see/sentosa","http://www.sentosa.com.sg","www.yoursingapore.com/content/dam/desktop/global/see-do-singapore/places-to-see/sentosa-carousel01-rect-norender.jpg","Get ready for laughs, thrills and loads of fun in the sun at Sentosa Island.","","2015-10-12T15:13:28.117+08:00","82152B05319F78C4","1/9/2017 2:59:32 PM","27418.0944","25714.8003"
"91","Chinatown Singapore","1.2817","103.843771","","2 Banda Street","Singapore’s historic Chinatown is a bustling mix of old and new, filled with traditional shops and markets as well as cool stores and cafes.","Singapore’s legendary Chinatown is a bustling mix of old and new, filled with traditional shops and night markets as well as cool stores and cafes.","https://www.visitsingapore.com/see-do-singapore/places-to-see/chinatown","http://www.chinatown.sg/","www.yoursingapore.com/content/dam/desktop/global/see-do-singapore/places-to-see/chinatown-carousel01-rect.jpg","Chinatown, Singapore is a bustling mix of old-world charm and modern delights.","","2015-10-12T14:54:36.802+08:00","357ABB3D644A29BE","1/9/2017 2:59:32 PM","29163.269","29349.3962"
"92","Buddha Tooth Relic Temple & Museum","1.28162","103.84438","Daily, 7am – 7pm","288 South Bridge Road","This Tang-styled Chinese Buddhist temple in Chinatown gets its name from what the Buddhists regard as the Sacred Buddha Tooth Relic.","The Buddha Tooth Relic Temple & Museum is a Tang-styled Chinese Buddhist temple in Chinatown that gets its name from the Sacred Buddha Tooth Relic.","https://www.visitsingapore.com/see-do-singapore/culture-heritage/places-of-worship/buddha-tooth-relic-temple-museum","http://www.btrts.org.sg/","","","","2015-11-02T10:18:49.556+08:00","60351D8420176D9C","1/9/2017 2:59:32 PM","29231.0456","29340.5505"
"93","National Gallery Singapore","1.290141","103.851356","Effective from 24 November 2015, Sunday to Thursday and  public holidays,10am - 7pm ,Friday to Saturday and  eve of public holidays, 10am - 10pm","1 St Andrew's Road","Take in the region’s newest and largest museum of modern Singapore and Southeast Asian art housed within two of Singapore’s awe-inspiring national monuments.","Take in the region’s newest and largest museum of modern Singapore and Southeast Asian art housed within two of Singapore’s awe-inspiring national monuments.","https://www.visitsingapore.com/see-do-singapore/arts/museums-galleries/national-gallery-singapore","http://www.nationalgallery.sg","www.yoursingapore.com/content/dam/desktop/global/see-do-singapore/arts/1095-national-gallery-singapore-carousel-01-rec.jpg","","©Darren Soh/National Gallery","2015-10-23T18:03:40.939+08:00","F78C1C13360F524A","1/9/2017 2:59:32 PM","30007.4108","30282.7631"
"94","Universal Studios Singapore™ Theme Park","1.254042","103.823808","Open daily at 10am.Closing time varies. Please visit the official website for more information.","8 Sentosa Gateway, Sentosa Island","Step into the glamorous world of movies at this world-class theme park located within Resorts World Sentosa™.","Universal Studios Singapore™ at Resorts World™ Sentosa is a movie-themed entertainment park that the whole family can enjoy.","https://www.visitsingapore.com/see-do-singapore/recreation-leisure/fun-things-to-do/universal-studios-singapore","http://www.rwsentosa.com/language/en-US/Homepage/Attractions/UniversalStudiosSingapore","www.yoursingapore.com/content/dam/desktop/global/see-do-singapore/recreation-leisure/universal-studios-singapore-carousel01-rect.jpg","Southeast Asia's first Hollywood movie theme park offers a dizzying selection of entertainment offerings.","","2015-09-29T15:30:43.563+08:00","2CEF397B4E9D81C5","1/9/2017 2:59:32 PM","26941.5389","26291.1174"
"95","Singapore Science Centre","1.33295","103.735872","Science Centre Singapore Daily, 10am – 6pm(last admission: 5.15pm) .Omni Theatre Daily, 12pm – 6pm (last show: 6pm) . Snow City Daily, 10am – 6pm (last admission: 5pm) School and public holidays, 10am – 7pm (last admission: 6pm)","15 Science Centre Road","This enlightening attraction holds the largest collection of educational materials devoted to science in Singapore.","Singapore Science Centre holds the largest collection of educational materials devoted to science in the country.","https://www.visitsingapore.com/see-do-singapore/recreation-leisure/fun-things-to-do/science-centre","http://www.science.edu.sg/Pages/SCBHome.aspx","","Adults and kids of all ages who are not even science buffs will have fun at the Singapore Science Centre.","","2015-09-22T10:24:38.376+08:00","6BA91589CAD5F3C9","1/9/2017 2:59:32 PM","17155.207","35016.5698"
"96","Fuk Tak Chi Museum & Places of Interest","1.28292","103.84887","Daily, 10am – 10pm","76 Telok Ayer Street","Fuk Tak Chi Museum was once the oldest Chinese temple in Singapore and is an elegant example of restored architecture in Chinatown.","Fuk Tak Chi Museum was once the oldest Chinese temple in Singapore and is an elegant example of restored architecture in Chinatown.","https://www.visitsingapore.com/see-do-singapore/culture-heritage/heritage-discovery/fuk-tak-chi-museum","http://www.fareastsquare.com.sg/home/index.aspx?key=fuktakchimuseum","www.yoursingapore.com/content/dam/desktop/global/see-do-singapore/culture-heritage/fuk-tak-chi-carousel02-rect.jpg","Marvel at the Fuk Tak Chi Museum's carefully restored architecture in the heart of Chinatown.","Joel Chua DY","2015-09-08T15:13:53.486+08:00","697FB4131D466CAF","1/9/2017 2:59:32 PM","29730.7451","29484.3004"
"97","Katong Antique House Singapore","1.30726","103.90714","Daily, 11am – 4.30pm","208 East Coast Road","Step into this fully restored bona fide Peranakan family home, and admire the many antiques and heirlooms worthy of any museum collection.","Step into this fully restored bona fide Peranakan family home, and admire the many antiques and heirlooms worthy of any museum collection.","https://www.visitsingapore.com/see-do-singapore/culture-heritage/heritage-discovery/katong-antique-house","","www.yoursingapore.com/content/dam/desktop/global/see-do-singapore/culture-heritage/katong-antique-house-carousel01-rect.jpg","Marvel at antiques and heirlooms worthy of any museum collection at the Katong Antique House.","","2015-09-08T14:39:06.950+08:00","EEE9BA07393BE752","1/9/2017 2:59:32 PM","36215.6407","32175.8076"
"98","Chinese Garden Singapore","1.338611","103.73","Daily, 6am – 11pm","1 Chinese Garden Road","A tranquil patch of imperial China in the west of Singapore is pleasant respite from the bustle of the city.","A tranquil patch of imperial China in the west of Singapore is pleasant respite from the bustle of the city.","https://www.visitsingapore.com/see-do-singapore/nature-wildlife/parks-gardens/chinese-garden","http://www.nhb.gov.sg/resources/virtual-exhibitions-and-tours/walking-through-heritage/chinese-garden","www.yoursingapore.com/content/dam/desktop/global/see-do-singapore/nature-wildlife/chinese-garden-carousel01-rect.jpg","Step back in time to ancient China at the beautiful Chinese Garden, Singapore.","Vincent Chong","2015-10-02T11:19:38.384+08:00","F6B5F576D5EBDFC7","1/9/2017 2:59:32 PM","16501.7399","35642.5618"
"99","East Coast Park Singapore","1.300784","103.912187","","Along East Coast Parkway and East Coast Park Service Road","With so many attractions packed into this 15-km stretch of beaches, you’ll never run out of things to do.","With so many attractions packed into the 15-km stretch of beaches at East Coast Park, you’ll never run out of things to do.","https://www.visitsingapore.com/see-do-singapore/nature-wildlife/parks-gardens/east-coast-park","http://www.nparks.gov.sg/cms/index.php?option=com_visitorsguide&task=parks&id=14&Itemid=371","www.yoursingapore.com/content/dam/desktop/global/see-do-singapore/nature-wildlife/east-coast-park-carousel03-rect.jpg","Whether you prefer water sports, rollerblading or cycling, find a myriad of things to do at East Coast Park, Singapore.","Joel Chua DY","2015-10-02T14:29:32.607+08:00","7857B89E1D54DD1E","1/9/2017 2:59:32 PM","36777.3479","31459.7412"
"100","Fort Canning Park","1.295382","103.846509","","Bounded by Hill Street, Canning Rise, Clemenceau Avenue and River Valley Road","Whether you’re a history buff, music fan or nature lover, this historic landmark on a hill is full of surprises.","Whether you’re a history buff, music fan or nature lover, this historic Fort Canning Park has something for everyone.","https://www.visitsingapore.com/see-do-singapore/nature-wildlife/parks-gardens/fort-canning-park","http://www.nparks.gov.sg/cms/index.php?option=com_visitorsguide&task=parks&id=16Th","www.yoursingapore.com/content/dam/desktop/global/see-do-singapore/nature-wildlife/fort-canning-park-carousel01-rect.jpg","Take a stroll back in time at Fort Canning Park, Singapore - a landmark full of history.","Joel Chua DY","2015-10-02T14:32:42.018+08:00","F169EFB0AF75CC3C","1/9/2017 2:59:32 PM","29467.9781","30862.2827"
"101","Kusu Island","1.223097","103.860523","","Kusu Island","If you’re looking for local heritage off the beaten track with a good dash of nature, Kusu Island hits the spot.","Kusu Island lies to the south of Singapore, and has a wonderful mix of local heritage and beach activities.","https://www.visitsingapore.com/see-do-singapore/nature-wildlife/singapore-islands/kusu-island","http://www.sentosa.com.sg/en/nature/southern-islands/kusu-island/","","","","2015-09-09T09:44:33.992+08:00","986FE9B794D5E201","1/9/2017 2:59:32 PM","31027.7192","22869.3386"
"102","Jurong Bird Park","1.318706","103.706442","Daily, 8.30am - 6pm","2 Jurong Hill","Jurong Bird Park has almost every species to impress avian lovers, along with fun exhibits, interactive shows, and of course, its charming residents.","Jurong Bird Park has almost every species to impress avian lovers, along with fun exhibits, interactive shows, and of course, its charming residents.","https://www.visitsingapore.com/see-do-singapore/nature-wildlife/fun-with-animals/jurong-bird-park","http://www.birdpark.com.sg","www.yoursingapore.com/content/dam/desktop/global/see-do-singapore/nature-wildlife/jurong-bird-park-carousel01-rect.jpg","Enjoy close encounters with some of our prettiest and rarest feathered friends at the Jurong Bird Park.","","2015-09-22T10:10:33.155+08:00","7A39FA60326C4AE3","1/9/2017 2:59:32 PM","13879.8679","33441.6866"
"103","HortPark","1.279069","103.799724","Daily, 6am –10pm","33 Hyderabad Road","Lose yourself in this dreamscape of stunning gardens that will make you forget the bustle of city.","HortPark is a gorgeous collection of stunning gardens and plants that will make you  forget about the bustle of city.","https://www.visitsingapore.com/see-do-singapore/nature-wildlife/parks-gardens/hortpark","http://www.nparks.gov.sg/cms/index.php?option=com_visitorsguide&task=parks&id=17&Itemid=73","www.yoursingapore.com/content/dam/desktop/global/see-do-singapore/nature-wildlife/hortpark-carousel01-rect.jpg","Escape the buzz of the city at HortPark, Singapore.","National Parks Board","2015-09-09T09:47:25.899+08:00","E60460B170B57ADD","1/9/2017 2:59:32 PM","24261.1939","29058.496"
"104","Adventure Cove Waterpark™ Singapore","1.257339","103.819525","Daily, 10am – 6pm","8 Sentosa Gateway, Sentosa Island","Make a big splash at this aquatic adventure park at Resorts World™ Sentosa.","Adventure Cove Waterpark™ Singapore at Resorts World™ Sentosa promises a day of wet and wild fun in the sun.","https://www.visitsingapore.com/see-do-singapore/recreation-leisure/fun-things-to-do/adventure-cove","http://www.rwsentosa.com/language/en-US/Homepage/Attractions/MarineLifePark/AdventureCoveWaterpark","www.yoursingapore.com/content/dam/desktop/global/see-do-singapore/recreation-leisure/adventure-cove-carousel01-rect.jpg","Adventure Cove Waterpark™, Singapore is the perfect place to have fun with loved ones.","","2015-09-23T19:20:35.693+08:00","8745BEC88DC191EB","1/9/2017 2:59:32 PM","26464.9175","26655.6626"
